<?xml version="1.0" encoding="utf-8"?>
<install version="1.5" type="module" group="content" method="upgrade">
<name>Mia FLV Free Player</name>
<author>Miaflv.com</author>
<creationDate>12-08-2010</creationDate>
<license>commercial</license>
<authorEmail>miaflv@gmail.com</authorEmail>
<authorUrl>www.miaflv.com</authorUrl>
<version>1.0</version>
	<description>THANK YOU FOR INSTALLING MIA FLV PLAYER JOOMLA MODULE</description>
		<languages>
		<language tag="en-GB">en-GB.mod_miaflv_free.ini</language>
	</languages>

	<files>
		<filename module="mod_miaflv_free">mod_miaflv_free.php</filename>
		<filename>index.html</filename>
		<filename>helper.php</filename>
		<folder>tmpl</folder>
		<folder>elements</folder>
		<folder>src</folder>
		<folder>swf</folder>
		<folder>css</folder>
		<folder>images</folder>
	</files>
	 <params addpath="/modules/mod_miaflv_free/elements/">
	 <param type="miaspacer" default="&lt;strong&gt;PLAYER LAYOUT SETTINGS&lt;/strong&gt;" />

<param name="module_template" type="folderlist" default="Default" hide_none="blank" label="Select default module template" directory="modules/mod_miaflv_free/tmpl"    description="You can create custom module  templates for Mia FLV Player module. Simply copy modules/mod_miaflv_free/tmpl/Default folder , rename it to your own template name and edit default.php within your template folder to your liking. Once you have created your module template , your template name will be visible here. You can also copy your template folder to your template/html/mod_miaflv_free/ folder and create custom overides for each module instance. To get you started we have created blank module template name New"/>
<param name="video_width" type="text" default="450" label="Player width" description="Player width" />
<param name="video_height" type="text" default="250" label="Player height" description="Player height" />
	<param name="moduleclass_sfx" type="text" default="" label="Module Class Suffix" description="A suffix to be applied to the css class of the module (table.moduletable), this allows individual module styling" />
<param type="miaspacer" default="&lt;strong&gt;PLAYER SKIN SETTINGS&lt;/strong&gt;" />
<param name="start_volume" type="text" default="30" label="Media start volume" description="You can set this from 0 to 100" />

<param type="miaspacer" default="&lt;strong&gt;PLAYER MEDIA SETTINGS&lt;/strong&gt;" />
<param name="video_link" type="text" default="" size="100" label="Enter your media link or Youtube video ID" description="Can be ,MOV, MP3, MP4, F4V, FLV, Youtube. For Youtube videos just enter the video ID. Youtube video ID can be fund in wideo url after atribute watch. Example:watch?v=Dc_I1_swMIk. Your video ID is Dc_I1_swMIk. For normal media files , please make sure there are no spaces in file name and file link must include http or https as prefix ." />
		
<param name="video_image" type="imagelist" default="" directory="images/stories/miaflv_media" label="Select video image" hide_none="blank"  description="Select video image.Upload your media preview image in  ROOT/images/stories/miaflv_media/ folder" />


	</params>
</install>