<?xml version="1.0" encoding="utf-8"?>
<extension
	type="module"
	version="1.6.0"
	client="site"
	method="upgrade">
	<name>Mia FLV Free Player</name>
	<author>Miaflv.com</author>
	<creationDate>02-08-2011</creationDate>
	<license>commercial</license>
	<authorEmail>miaflv@gmail.com</authorEmail>
	<authorUrl>www.miaflv.com</authorUrl>
	<version>1.0</version>
	<description>
		<![CDATA[<style type="text/css" media="all">#wrap1 {padding:0px 0px 4px 0px;}h1 {clear:both;font-family: Georgia, "Times New Roman", Times, serif;font-size:18px;margin:0px 0px 12px 0px;padding:0px 0px 1px 10px;color:#DC5408;}.wrap2 {background:#fff;}</style><div id="holdthem"><h1>Mia FLV Player module Basic Version for Joomla 1.6x</h1><div class="wrap2"><a title="Visit the official website!" href="http://www.miaflv.com" target="_blank"> <img style="float:left;border:1px solid #CFCFCF;margin:0px 15px 4px 22px;" src="../modules/mod_miaflv_free/images/logo.jpg" border="0" alt="Logo" /></a>]]>
	</description>
	<languages>
		<language tag="en-GB">en-GB.mod_miaflv_free.ini</language>
		<language tag="en-GB">en-GB.mod_miaflv_free.sys.ini</language>
	</languages>
	<files>
		<filename module="mod_miaflv_free">mod_miaflv_free.php</filename>
		<filename>index.html</filename>
		<filename>helper.php</filename>
		<folder>tmpl</folder>
		<folder>elements</folder>
		<folder>src</folder>
		<folder>swf</folder>
		<folder>css</folder>
		<folder>images</folder>
	</files>
	<config>
		<fields name="params" addfieldpath="/modules/mod_miaflv_free/elements/">
			<fieldset name="basic">
				<field type="miaspacer" default="&lt;strong&gt;PLAYER LAYOUT SETTINGS&lt;/strong&gt;" />
				<field name="module_template" type="folderlist" default="Default" hide_none="blank" label="Select default module template" directory="modules/mod_miaflv_free/tmpl"    description="You can create custom module  templates for Mia FLV Player module. Simply copy modules/mod_miaflv_free/tmpl/Default folder , rename it to your own template name and edit default.php within your template folder to your liking. Once you have created your module template , your template name will be visible here. You can also copy your template folder to your template/html/mod_miaflv_free/ folder and create custom overides for each module instance. To get you started we have created blank module template name New"/>
				<field name="video_width" type="text" default="450" label="Player width" description="Player width" />
				<field name="video_height" type="text" default="250" label="Player height" description="Player height" />
				<field name="moduleclass_sfx" type="text" default="" label="Module Class Suffix" description="A suffix to be applied to the css class of the module (table.moduletable), this allows individual module styling" />
				<field type="miaspacer" default="&lt;strong&gt;PLAYER SKIN SETTINGS&lt;/strong&gt;" />
				<field name="start_volume" type="text" default="30" label="Media start volume" description="You can set this from 0 to 100" />
				<field type="miaspacer" default="&lt;strong&gt;PLAYER MEDIA SETTINGS&lt;/strong&gt;" />
				<field name="video_link" type="text" default="" size="100" label="Enter your media link or Youtube video ID" description="Can be ,MOV, MP3, MP4, F4V, FLV, Youtube. For Youtube videos just enter the video ID. Youtube video ID can be fund in wideo url after atribute watch. Example:watch?v=Dc_I1_swMIk. Your video ID is Dc_I1_swMIk. For normal media files , please make sure there are no spaces in file name and file link must include http or https as prefix ." />
				<field name="video_image" type="imagelist" default="" directory="images/miaflv_media" label="Select video image" hide_none="blank"  description="Select video image.Upload your media preview image in  ROOT/images/miaflv_media/ folder" />
			</fieldset>
		</fields>
	</config>
</extension>
