﻿<?xml version="1.0" encoding="utf-8"?>
<Piecemaker>
  <Settings>
    <imageWidth>700</imageWidth>
    <imageHeight>350</imageHeight>
    <segments>7</segments>
    <tweenTime>1.2</tweenTime>
    <tweenDelay>0.1</tweenDelay>
    <tweenType>easeInOutBack</tweenType>
    <zDistance>0</zDistance>
    <expand>20</expand>
    <innerColor>0x111111</innerColor>
    <textBackground>0x0064C8</textBackground>
    <shadowDarkness>100</shadowDarkness>
    <textDistance>25</textDistance>
    <autoplay>12</autoplay>
  </Settings>
  <Image Filename="modules/mod_the_piecemaker/banner/content/images/image1.jpg">
    <Text>
      <headline>Description Text</headline><break>Ӂ</break><paragraph>Here you can add a description text for every single image.</paragraph><break>Ӂ</break><inline>This is HTML text loaded from the external XML file and formatted with an external CSS file. So it's pretty simple to set this text. You can also easily add</inline><a href="http://www.modularweb.net/piecemaker" target="_blank">Ӂhyperlinks</a><paragraph>. This one leads you to the official Piecemaker website, by the way.</paragraph>
	  </Text>
  </Image>
  <Image Filename="modules/mod_the_piecemaker/banner/content/images/image2.jpg">
    <Text>
      <headline>Description Text</headline>
      <break>Ӂ</break>
      <paragraph>Here you can add a description text for every single image.</paragraph>
      <break>Ӂ</break>
      <inline>This is HTML text loaded from the external XML file and formatted with an external CSS file. So it's pretty simple to set this text. You can also easily add</inline>
      <a href="http://www.modularweb.net/piecemaker" target="_blank">Ӂhyperlinks</a>
      <paragraph>. This one leads you to the official Piecemaker website, by the way.</paragraph>
    </Text>
  </Image>
  <Image Filename="modules/mod_the_piecemaker/banner/content/images/image3.jpg">
    <Text>
      <headline>Description Text</headline>
      <break>Ӂ</break>
      <paragraph>Here you can add a description text for every single image.</paragraph>
      <break>Ӂ</break>
      <inline>This is HTML text loaded from the external XML file and formatted with an external CSS file. So it's pretty simple to set this text. You can also easily add</inline>
      <a href="http://www.modularweb.net/piecemaker" target="_blank">Ӂhyperlinks</a>
      <paragraph>. This one leads you to the official Piecemaker website, by the way.</paragraph>
    </Text>
  </Image>
  <Image Filename="modules/mod_the_piecemaker/banner/content/images/image4.jpg">
    <Text>
      <headline>Description Text</headline>
      <break>Ӂ</break>
      <paragraph>Here you can add a description text for every single image.</paragraph>
      <break>Ӂ</break>
      <inline>This is HTML text loaded from the external XML file and formatted with an external CSS file. So it's pretty simple to set this text. You can also easily add</inline>
      <a href="http://www.modularweb.net/piecemaker" target="_blank">Ӂhyperlinks</a>
      <paragraph>. This one leads you to the official Piecemaker website, by the way.</paragraph>
    </Text>
  </Image>
  <Image Filename="modules/mod_the_piecemaker/banner/content/images/image5.jpg">
    <Text>
      <headline>Description Text</headline>
      <break>Ӂ</break>
      <paragraph>Here you can add a description text for every single image.</paragraph>
      <break>Ӂ</break>
      <inline>This is HTML text loaded from the external XML file and formatted with an external CSS file. So it's pretty simple to set this text. You can also easily add</inline>
      <a href="http://www.modularweb.net/piecemaker" target="_blank">Ӂhyperlinks</a>
      <paragraph>. This one leads you to the official Piecemaker website, by the way.</paragraph>
    </Text>
  </Image>
  <Image Filename="modules/mod_the_piecemaker/banner/content/images/image6.jpg">
    <Text>
      <headline>Description Text</headline>
      <break>Ӂ</break>
      <paragraph>Here you can add a description text for every single image.</paragraph>
      <break>Ӂ</break>
      <inline>This is HTML text loaded from the external XML file and formatted with an external CSS file. So it's pretty simple to set this text. You can also easily add</inline>
      <a href="http://www.modularweb.net/piecemaker" target="_blank">Ӂhyperlinks</a>
      <paragraph>. This one leads you to the official Piecemaker website, by the way.</paragraph>
    </Text>
  </Image>
</Piecemaker>