<?xml version="1.0" encoding="utf-8"?>
<extension
	type="module"
	version="1.6.0"
	client="site"
	method="upgrade">
	<name>jt_zaccordion</name>
	<author>JTemplate.ru</author>
	<creationDate>28/02/2011</creationDate>
	<copyright>Copyright (C) 2011 Jtemplate.ru. All Rights Reserved.</copyright>
	<license>GNU/GPL V2</license>
	<authorEmail>jtemplateru@ya.ru</authorEmail>
	<authoralt>http://www.jtemplate.ru</authoralt>
	<version>1.0</version>
	<description>MOD_JT_ZACCORDION_XML_DESCRIPTION</description>
	<files>
	
		<filename module="mod_jt_zaccordion">mod_jt_zaccordion.php</filename>
		<filename>index.html</filename>
		<filename>mod_jt_zaccordion.php</filename>
		<filename>mod_jt_zaccordion.xml</filename>
       
    </files>
	
	<languages>	
		<language tag="en-GB">en-GB.mod_jt_zaccordion.ini</language>
		<language tag="en-GB">en-GB.mod_jt_zaccordion.sys.ini</language>
		<language tag="ru-RU">ru-RU.mod_jt_zaccordion.ini</language>
		<language tag="ru-RU">ru-RU.mod_jt_zaccordion.sys.ini</language>		
	</languages>
		
	<config>
		<fields name="params">
			<fieldset name="basic">
			<field 
					name="width" 
					type="text" 
					default="600" 
					label="MOD_JT_ZACCORDION_FIELD_WIDTH_LABEL" 
					description="MOD_JT_ZACCORDION_FIELD_WIDTH_DESC"/>
					
					<field 
					name="height" 
					type="text" 
					default="300" 
					label="MOD_JT_ZACCORDION_FIELD_HEIGHT_LABEL" 
					description="MOD_JT_ZACCORDION_FIELD_HEIGHT_DESC"/>
				
				<field type="spacer" label="IMAGE_SPACER1" />
				<field 
					name="img1"					
					default="" 
					type="media"
					label="MOD_JT_ZACCORDION_FIELD_IMAGE_LABEL"
					description="MOD_JT_ZACCORDION_FIELD_IMAGE_DESC" />
					
				<field 
					name="alt1" 
					type="text" 
					default="" 
					label="MOD_JT_ZACCORDION_FIELD_ALT_LABEL" 
					description="MOD_JT_ZACCORDION_FIELD_ALT_DESC"/>
					
				<field type="spacer" label="IMAGE_SPACER2" />		
				<field 
					name="img2" 
					default="" 
					type="media"
					label="MOD_JT_ZACCORDION_FIELD_IMAGE_LABEL"
					description="MOD_JT_ZACCORDION_FIELD_IMAGE_DESC" />
					
				<field 
					name="alt2" 
					type="text" 
					default="" 
					label="MOD_JT_ZACCORDION_FIELD_ALT_LABEL" 
					description="MOD_JT_ZACCORDION_FIELD_ALT_DESC"/>
					
				<field type="spacer" label="IMAGE_SPACER3" />
				<field 
					name="img3" 
					default="" 
					type="media"
					label="MOD_JT_ZACCORDION_FIELD_IMAGE_LABEL"
					description="MOD_JT_ZACCORDION_FIELD_IMAGE_DESC" />
					
				<field 
					name="alt3" 
					type="text" 
					default="" 
					label="MOD_JT_ZACCORDION_FIELD_ALT_LABEL" 
					description="MOD_JT_ZACCORDION_FIELD_ALT_DESC"/>
					

				<field type="spacer" label="IMAGE_SPACER4" />
				<field 
					name="img4" 
					default="" 
					type="media"
					label="MOD_JT_ZACCORDION_FIELD_IMAGE_LABEL"
					description="MOD_JT_ZACCORDION_FIELD_IMAGE_DESC" />
					
				<field 
					name="alt4" 
					type="text" 
					default="" 
					label="MOD_JT_ZACCORDION_FIELD_ALT_LABEL" 
					description="MOD_JT_ZACCORDION_FIELD_ALT_DESC"/>
					

				<field type="spacer" label="IMAGE_SPACER5" />
				<field 
					name="img5" 
					default="" 
					type="media"
					label="MOD_JT_ZACCORDION_FIELD_IMAGE_LABEL"
					description="MOD_JT_ZACCORDION_FIELD_IMAGE_DESC" />
					
				<field 
					name="alt5" 
					type="text" 
					default="" 
					label="MOD_JT_ZACCORDION_FIELD_ALT_LABEL" 
					description="MOD_JT_ZACCORDION_FIELD_ALT_DESC"/>
					

				<field type="spacer" label="IMAGE_SPACER6" />
				<field 
					name="img6" 
					default="" 
					type="media"
					label="MOD_JT_ZACCORDION_FIELD_IMAGE_LABEL"
					description="MOD_JT_ZACCORDION_FIELD_IMAGE_DESC" />
					
				<field 
					name="alt6" 
					type="text" 
					default="" 
					label="MOD_JT_ZACCORDION_FIELD_ALT_LABEL" 
					description="MOD_JT_ZACCORDION_FIELD_ALT_DESC"/>

				<field type="spacer" label="IMAGE_SPACER7" />
				<field 
					name="img7" 
					default="" 
					type="media"
					label="MOD_JT_ZACCORDION_FIELD_IMAGE_LABEL"
					description="MOD_JT_ZACCORDION_FIELD_IMAGE_DESC" />
					
				<field 
					name="alt7" 
					type="text" 
					default="" 
					label="MOD_JT_ZACCORDION_FIELD_ALT_LABEL" 
					description="MOD_JT_ZACCORDION_FIELD_ALT_DESC"/>
					

				<field type="spacer" label="IMAGE_SPACER8" />
				<field 
					name="img8" 
					default="" 
					type="media"
					label="MOD_JT_ZACCORDION_FIELD_IMAGE_LABEL"
					description="MOD_JT_ZACCORDION_FIELD_IMAGE_DESC" />
					
				<field 
					name="alt8" 
					type="text" 
					default="" 
					label="MOD_JT_ZACCORDION_FIELD_ALT_LABEL" 
					description="MOD_JT_ZACCORDION_FIELD_ALT_DESC"/>
					

				<field type="spacer" label="IMAGE_SPACER9" />
				<field 
					name="img9" 
					default="" 
					type="media"
					label="MOD_JT_ZACCORDION_FIELD_IMAGE_LABEL"
					description="MOD_JT_ZACCORDION_FIELD_IMAGE_DESC" />
					
				<field 
					name="alt9" 
					type="text" 
					default="" 
					label="MOD_JT_ZACCORDION_FIELD_ALT_LABEL" 
					description="MOD_JT_ZACCORDION_FIELD_ALT_DESC"/>
					

				<field type="spacer" label="IMAGE_SPACER10" />
				<field 
					name="img10" 
					default="" 
					type="media"
					label="MOD_JT_ZACCORDION_FIELD_IMAGE_LABEL"
					description="MOD_JT_ZACCORDION_FIELD_IMAGE_DESC" />
					
				<field 
					name="alt10" 
					type="text" 
					default="" 
					label="MOD_JT_ZACCORDION_FIELD_ALT_LABEL" 
					description="MOD_JT_ZACCORDION_FIELD_ALT_DESC"/>
					

			</fieldset>
		</fields>
	</config>
</extension>
